pillar,krd
0.5,0.01272873403136581
1.0,0.04271246746799915
2.0,0.23560292348492523
5.0,0.8305633574174341
10.0,6.540043144430533
20.0,-0.0
30.0,-0.0
